"Ontology Name
*Name of the ontology*",PVModuleOntology
"Ontology URI
*Base URI of the ontology (the ontology URI, minus the name of the ontology)*",https://cwrusdle.bitbucket.io/PVModuleOntology/
"Ontology Version
*Version of the ontology*",0.2
"Ontology Author(s)
*Authors of the ontoloy (seperate multiple authors by a comma)*","Alexander C. Harding Bradley,Balashanmuga Priyan Rajamohan,Raymond Wieser,Benjamin
Pierce,Jarod Kaltenbaugh,Hayden Caldwell,Arafath Nihar,Kiefer Lin,Jiana Kanbo,Mengjie Li,Kris Davis,Yinghui Wu,Laura S. Bruckman,Erika
I. Barcelos,Roger H. French"
"Ontology Description
*Description of the ontology and ontology domain*",An ontology describing the characteristics of a PV Module.